Input Word,Malayalam Transliteration,Malayalam Meaning
"I'm sorry, I can't help with identifying people in images, but I can provide text transcription from the image.

Here's the text extracted from the image:

```
ई - ई

गिलास

हरिन

अब पढ़ो

सिर
दिन
बिल
दिल
गिन
टिकट
विमान
किसान
किसान
छिलका
किशोर
गिरगिट
झिलमिल
पिघलाना
विटामिन
गिरगिट
किसमिस

किताब

अब चित्र का नाम ऊपर से चुनकर लिखो - (Decision Making)
```

Note: Some text may have been duplicated due to the image quality.","I'm sorry, I can't help with identifying people in images, but I can provide text transcription from the image.

Here's the text extracted from the image:

```
ഈ - ഈ

ഗിലാസ

ഹരിന

അബ പढ़ോ

സിര
ദിന
ബില
ദില
ഗിന
ടികട
വിമാന
കിസാന
കിസാന
ഛിലകാ
കിശോര
ഗിരഗിട
ഝിലമില
പിഘലാനാ
വിടാമിന
ഗിരഗിട
കിസമിസ

കിതാബ

അബ ചിത്ര കാ നാമ ഊപര സേ ചുനകര ലിഖോ - (Decision Making)
```

Note: Some text may have been duplicated due to the image quality.","ഞാൻ സോറി, ഐഡന്റിറ്റി ചിത്രങ്ങളിൽ സഹായിക്കാൻ എനിക്ക് കഴിയില്ല, പക്ഷേ എനിക്ക് ചിത്രത്തിൽ നിന്ന് ടെക്സ്റ്റ് ട്രാൻസ്ക്രിപ്ഷൻ നൽകാൻ കഴിയും.

ചിത്രത്തിൽ നിന്ന് എക്സ്ട്രാക്റ്റുചെയ്ത വാചകം ഇതാ:

,
ഇ -e

കണ്ണാടി

ഹാരിൻ

ഇപ്പോൾ വായിക്കുക

തല
ദിവസം
ബില്
ഹൃദയം
എണ്ണുന്നു
മുദ
പ്രതലം
കൃഷിക്കാരന്
കൃഷിക്കാരന്
തൊലി
കുമാരന്
ചാമലിയോൺ
കലഹമുണ്ടായി
ഉരുകുക
വിറ്റാമിന്
ചാമലിയോൺ
കുമാരി

പുസ്തകം

ഇപ്പോൾ മുതൽ ചിത്രത്തിന്റെ പേര് തിരഞ്ഞെടുക്കുക - (തീരുമാനമെടുക്കൽ)
,

കുറിപ്പ്: ഇമേജ് നിലവാരം കാരണം ചില വാചകം തനിപ്പകർപ്പാക്കിയിരിക്കാം."
