Input Word,Tamil Transliteration,Tamil Meaning
"I'm unable to transcribe text from images containing sensitive information like IDs, credit cards, etc., but I can help with general text extraction. Here's the text extracted from the image:

```
ई- f
गिलास हिरन किताब
अब पढ़ो
सिर दिन गिन दिल बिल विमान
किसान टिकट छिलका किधर गिरगिट
खिसकाना झिलमिल पिघलना विटामिन

अब चित्र का नाम ऊपर से चुनकर लिखो — (Decision Making)
```

If there's anything else you need, feel free to ask!","I'm unable to transcribe text from images containing sensitive information like IDs, credit cards, etc., but I can help with general text extraction. Here's the text extracted from the image:

```
ஈ- f
கிலாஸ ஹிரந கிதாப
அப பஃட³ோ
ஸிர திந கிந தில பில விமாந
கிஸாந டிகட சிலகா கிதர கிரகிட
கிஸகாநா சிலமில பிகலநா விடாமிந

அப சித்ர கா நாம ஊபர ஸே சுநகர லிகோ — (Decision Making)
```

If there's anything else you need, feel free to ask!","ஐடிஎஸ், கிரெடிட் கார்டுகள் போன்ற முக்கியமான தகவல்களைக் கொண்ட படங்களிலிருந்து டிரான்ஸ்கிரிப்ட் செய்ய முடியவில்லை, ஆனால் பொதுவான உரை பிரித்தெடுப்பிற்கு நான் உதவ முடியும். படத்திலிருந்து பிரித்தெடுக்கப்பட்ட உரை இங்கே:

அருவடிக்கு
மின்-எஃப்
கண்ணாடி கலைமான் புத்தகம்
இப்போது படியுங்கள்
தலை நாள் கவுண்ட் ஹார்ட் பில் விமானம்
விவசாயி டிக்கெட்டை தோலுரிக்கும் பச்சோந்தி எங்கே
வைட்டமின் உருக

இப்போது மேலே இருந்து படத்தின் பெயரைத் தேர்வுசெய்க - (முடிவெடுக்கும்)
அருவடிக்கு

உங்களுக்கு வேறு ஏதேனும் தேவைப்பட்டால், கேட்க தயங்க!"
